company_name,job_title,job_description,seniority_level,employment_type,job_function,industries
Dell Technologies,Insights Data Scientist,"Data Scientist

The Office of the CTO at Dell Technologies is responsible for predicting future technology trends and recommending investment strategies based on those trends. The Data Office team uses leading technologies in order to use data to predict future technology trends.

You will be involved in assessing the competition, developing technology and products, and generating intellectual property. As a Data Scientist at the Data Office, you will join a global team of data scientists, developers, researchers, and technologists in researching and applying the latest ML and DL technologies, leveraging the Data power in adding innovation value to business strategic decisions.

What You’ll Achieve

As a Data Scientist, you will work with a cross functional global team to research, build and apply state of the art machine learning and deep learning technologies.

You Will
Perform all the phases of a data science project: business understanding, data understanding and preparation, exploratory analysis, modeling, model evaluation, communicating results and business value of a model to the product leadership and finally deploying your data product.
Manage your activities, scope and timelines on the projects with minimum supervision.
Work with development teams & business groups to ensure models can be implemented as part of a delivered solution replicable across many clients.
Keep abreast of the latest developments in the field by continuous learning and proactively champion promising new methods relevant to the problems at hand.
Have the ability to explain and present results to customers and executive stakeholders.

Take the first step towards your dream career

Essential Requirements

Every Dell Technologies team member brings something unique to the table. Here’s what we are looking for with this role:
Fluency with at least one scripting language such as Python and experience with Python libraries (such as numpy, pandas, etc…)
Strong applied mathematical and statistical skills regardless of the tools.
Demonstrated experience in implementing ML algorithms from scratch and developing an algorithm documentation to be communicated with the other data scientists.
Breadth of skills and experience in machine learning and deep learning techniques– diverse types of data and sources, different types of learning models, diverse learning settings.
Basic knowledge of visualization tools (Power BI, Tableau, Qlikview, etc.).
Demonstrated ability to propose novel solutions to problems, performing experiments to show feasibility of their solutions, and working to refine the solutions into a real-world context.
Familiarity with graph analytics and graph databases/technology.

Desirable Requirements
Experience with ML libraries (such as SKLearn, MADlib, etc…) and Experience with ML frameworks (such as TensorFlow, Keras, etc…)
Proficiency in using query languages such as SQL.
Experience with Big data tools is preferred (Hadoop, Spark, etc.).

Here’s our story; now tell us yours

Dell Technologies helps organizations and individuals build a brighter digital tomorrow. Our company is made up of more than 150,000 people, located in over 180 locations around the world. We’re proud to be a diverse and inclusive team and have an endless passion for our mission to drive human progress.

What’s most important to us is that you are respected, feel like you can be yourself and have the opportunity to do the best work of your life -- while still having a life. We offer excellent benefits, bonus programs, flexible work arrangements, a variety of career development opportunities, employee resource groups, and much more.

We started with computers, but we didn’t stop there. We are helping customers move into the future with multi-cloud, AI and machine learning through the most innovative technology and services portfolio for the data era. Join us and become a part of what’s next in technology, starting today.

You can also learn more about us by reading our latest Diversity and Inclusion Report and our plan to make the world a better place by 2030 here.

Application closing date: DD Month YYYY

Dell is committed to the principle of equal employment opportunity for all employees and to providing employees with a work environment free of discrimination and harassment. All employment decisions at Dell are based on business needs, job requirements and individual qualifications, without regard to race, color, religion or belief, national, social or ethnic origin, sex (including pregnancy), age, physical, mental or sensory disability, HIV Status, sexual orientation, gender identity and/or expression, marital, civil union or domestic partnership status, past or present military service, family medical history or genetic information, family or parental status, or any other status protected by the laws or regulations in the locations where we operate. Dell will not tolerate discrimination or harassment based on any of these characteristics. Dell encourages applicants of all ages. Read the full Equal Employment Opportunity Policy here.

Job Id: R103069Job Function: Engineering Development",Not Applicable,Full-time,Information Technology and Engineering,"Computer Hardware, Computer Software, and Information Technology and Services"
EMPG,Data Analyst,"Description

We are looking for a passionate Data Analyst. The successful candidate will turn data into information, information into insight and insight into business decisions. Data analyst responsibilities include conducting full lifecycle analysis to include requirements, activities and design. Data analysts will develop analysis and reporting capabilities. They will also monitor performance and quality control plans to identify improvements.
Manipulate and translate big data into key insights to assist the development of relevant, impactful and measurable actions
Extract, analyse, and utilize relevant data to assist in various projects across all relevant functions
Build dynamic dashboards and visual aids to monitor platform activity and performance
Identify opportunities and execute automated methods for data extraction, quantitative analysis and reporting processes
Support the maintenance and development of the data warehouse and the local data banks
Own tactical projects leading to the development of local capabilities and support the business strategy
Assist product development by measuring impact and performance of implemented features
Scan the market to identify potential factors influencing the business and measuring impact when needed

Requirements
Bachelor in Data Analytics, Engineering, Mathematics or equivalent
Minimum 3 years experience in a highly quantitative or strategic role ; ideally in a fast growing or digital environment
Experience in data extraction, manipulation, and interpretation is highly desirable
Strong SQL knowledge required
Excellent PowerPoint and Excel skills
Prior hands-on experience of Python, R, or Scala are highly desirable “Why” obsessed – curious, ability to go beyond the “what” and uncover the drivers behind trends and online behavior
Teamwork – work closely with the other functions and support when needed
Tech-savvy - up to date with online and digital technologies and particularly online market tech
Data-driven decision making – ability to problem-solve, take decisions based on data and insights
An ambitious, energetic, bold, accountable, self-driven and a fast learner",Entry level,Full-time,Information Technology,Information Technology and Services
Saudi German Health,Data Analyst,"We are looking for a passionate Data Analyst. The successful candidate will turn data into information, then pass it to Workforce manger to transfer information into insight and insight into business decisions with below responsibilities and qualifications include conducting full lifecycle analysis to include requirements, activities and design. Data analysts will develop reporting capabilities. he will also monitor performance and quality control plans to identify improvements.

Responsibilities and qualifications
Minimum one year of Experience in data Analytics
interpret data, analyze results using statistical techniques and provide ongoing reports 
Develop and implement databases, data collection systems, data analytics and other strategies that optimize statistical efficiency and quality 
Acquire data from primary or secondary data sources and maintain databases/data systems 
Identify, analyze, and interpret trends or patterns in complex data sets 
Filter and “clean” data by reviewing computer reports, printouts, and performance indicators to locate and correct code problems 
Locate and define new process improvement opportunities.   
Strong Excel Knowledge.
google Dashboard creation is preferred.",Entry level,Full-time,"Analyst, Administrative, and Management",Hospital & Health Care
Dell Technologies,Data Office Data Scientist,"Data Scientist

The Office of the CTO at Dell Technologies is responsible for predicting future technology trends and recommending investment strategies based on those trends. The Data Office team uses leading technologies in order to use data to predict future technology trends.

You will be involved in assessing the competition, developing technology and products, and generating intellectual property. As a Data Scientist at the Data Office, you will join a global team of data scientists, developers, researchers, and technologists in researching and applying the latest ML and DL technologies, leveraging the Data power in adding innovation value to business strategic decisions.

What You’ll Achieve

As a Data Scientist, you will work with a cross functional global team to research, build and apply state of the art machine learning and deep learning technologies.

You Will
Perform all the phases of a data science project: business understanding, data understanding and preparation, exploratory analysis, modeling, model evaluation, communicating results and business value of a model to the product leadership and finally deploying your data product.
Manage your activities, scope and timelines on the projects with minimum supervision.
Work with development teams & business groups to ensure models can be implemented as part of a delivered solution replicable across many clients.
Keep abreast of the latest developments in the field by continuous learning and proactively champion promising new methods relevant to the problems at hand.
Have the ability to explain and present results to customers and executive stakeholders.

Take the first step towards your dream career

Essential Requirements

Every Dell Technologies team member brings something unique to the table. Here’s what we are looking for with this role:
Fluency with at least one scripting language such as Python and experience with Python libraries (such as numpy, pandas, etc…)
Strong applied mathematical and statistical skills regardless of the tools.
Demonstrated experience in implementing ML algorithms from scratch and developing an algorithm documentation to be communicated with the other data scientists.
Breadth of skills and experience in machine learning and deep learning techniques– diverse types of data and sources, different types of learning models, diverse learning settings.
Basic knowledge of visualization tools (Power BI, Tableau, Qlikview, etc.).
Demonstrated ability to propose novel solutions to problems, performing experiments to show feasibility of their solutions, and working to refine the solutions into a real-world context.
Strong analytical, written, and verbal communication skills.

Desirable Requirements
Experience with ML libraries (such as SKLearn, MADlib, etc…) and Experience with ML frameworks (such as TensorFlow, Keras, etc…)
Proficiency in using query languages such as SQL.
Experience with Big data tools is preferred (Hadoop, Spark, etc.).

Here’s our story; now tell us yours

Dell Technologies helps organizations and individuals build a brighter digital tomorrow. Our company is made up of more than 150,000 people, located in over 180 locations around the world. We’re proud to be a diverse and inclusive team and have an endless passion for our mission to drive human progress.

What’s most important to us is that you are respected, feel like you can be yourself and have the opportunity to do the best work of your life -- while still having a life. We offer excellent benefits, bonus programs, flexible work arrangements, a variety of career development opportunities, employee resource groups, and much more.

We started with computers, but we didn’t stop there. We are helping customers move into the future with multi-cloud, AI and machine learning through the most innovative technology and services portfolio for the data era. Join us and become a part of what’s next in technology, starting today.

You can also learn more about us by reading our latest Diversity and Inclusion Report and our plan to make the world a better place by 2030 here.

Application closing date: DD Month YYYY

Dell is committed to the principle of equal employment opportunity for all employees and to providing employees with a work environment free of discrimination and harassment. All employment decisions at Dell are based on business needs, job requirements and individual qualifications, without regard to race, color, religion or belief, national, social or ethnic origin, sex (including pregnancy), age, physical, mental or sensory disability, HIV Status, sexual orientation, gender identity and/or expression, marital, civil union or domestic partnership status, past or present military service, family medical history or genetic information, family or parental status, or any other status protected by the laws or regulations in the locations where we operate. Dell will not tolerate discrimination or harassment based on any of these characteristics. Dell encourages applicants of all ages. Read the full Equal Employment Opportunity Policy here.

Job Id: R103002Job Function: Engineering Development",Not Applicable,Full-time,Information Technology and Engineering,"Computer Hardware, Computer Software, and Information Technology and Services"
Teradata,Junior Data Modeler,"The Teradata Junior Data Modeler is a multi-faceted role, active as part of end-to-end project delivery.

Data Modelers are responsible for the delivery of the business analysis and data design workstream for Teradata services delivery and must have a good understanding of the fine points of the data arena data warehousing, data usage and data modeling tools, in order to extract the correct requirements from our clients and correctly design solution from data perspective.

Responsibilities And Duties

As a Data Modeler, you are responsible for the business/data analysis and data design workstream using Teradata methodologies and processes, including activities such as but not limited to
Data design – Third Normal Form (3NF) data modelling, data flow, data transformations
Workstream scoping, planning and execution
Requirements elicitation, definition and management (functional, non-functional) and associated documentation lifecycles
Communications and stakeholder management
Mapping business rules to logical model
Perform recommendation for transfer of logical model to Physical model
Basic Requirements
3+ years’ experience in similar role
5+ years’ experience in Data Management / Data Warehouse project implementations
Degrees Computer Science, Engineering or other related areas is desirable
Knowledge/Experience in Data warehousing, data modelling and data analysis
Industry experience from one or more core industries (e.g. finance, insurance, Government, Taxation, telco) preferable Government
Requirements documentation and information gathering techniques
Excellent written and oral English and Arabic with experience preparing and managing documentation of senior-level client deliverables in both languages.
Excellent communication and presentation skills
Detail focused, resourceful, decisive, composed, problem-solver, flexible and adaptable
Working effectively in multi-disciplinary and cross-organizational teams
Technical Requirements

Skills, Knowledge & Experience (M = Must have; S = Should have)
Data architecture and data modeling (M)
Data analysis (M)
Third Normal Form Hands-on Not Star Scheme (M)
Advanced SQL (S)
Erwin or similar Data Modeling Tool (S)
Data integration principles (M)
Requirements management tools e.g. JIRA, Jama, Trello (S)
Teradata helps businesses unlock value by turning data into their greatest asset. We’re the cloud data analytics platform company, built for a hybrid multi-cloud reality, solving the world's most complex data challenges at scale. Collectively, we endeavor to serve equal parts innovator and contributor. Because our mission isn’t just about the collection of data – it’s about revolutionizing the future of transportation to save lives, optimizing energy costs to make the planet a cleaner place, and using data to predict and identify cancer risks.",Mid-Senior level,Full-time,Information Technology,Computer Software and Information Technology and Services
Careem,Data Analyst,"At Careem, our mission is to simplify and improve the lives of people and create an awesome organisation that inspires. With this vast mission statement, we started by improving transportation and delivery in the region, and now we are expanding into Payment and we’re launching a super-app, hosting multiple Careem and 3rd-party apps, to further simplify and improve people’s everyday life.
We built the first multi-billion dollar tech startup in the MENAP region. The first line of code was written in Pakistan and we built on it further in Dubai and Berlin. We operate in 100+ cities across 11 countries. We joined Uber officially in early 2020. We grew and attracted top global talent and grew a culture for bold ambitions, shooting for the moon, innovation with tight constraints, and being Careem/gracious.
The Careem Analytics team’s mission is to build and track the full lively picture for Careem businesses and experiences, uphold the experience bar, provide actionable insights, formulate problems and contribute to solving them. As part of this team, you will be a core team member fulfilling this mission. You will be working alongside the top analyst talent of the region, leveraging modern analysis and visualization tools to solve the region’s day to day problems.
Responsibilities:
Act as the first point of contact to answer all business data queries
Develop effective reporting solutions by utilizing engineering best practices and various reporting tools
Participate in continuous improvement of these reporting solutions
Drive and support your designated business unit by converting complex data and findings into understandable tables, graphs, and written reports 
Present appropriate analysis and commentary to technical and non-technical audience 
Gain subject matter expertise and help define appropriate key metrics for the business unit and discover untapped areas for business improvement 
Provide concrete data-driven insights 
Test and communicate new features to users 
Run regular data integrity audits 
Devise and evaluate methods for collecting data, such as surveys, questionnaires, and opinion polls 
Gather data about consumers, competitors, and market conditions 
Qualifications:
5+ years of demonstrated experience working in an analytical role 
3+ years of demonstrated experience with business intelligence and visualization tools creating management dashboards 
Strong analytical skills and a passion to work with large sets of data 
Passionate about learning new technologies and working on a product of massive scale and impact 
Expert at writing SQL queries against large amounts of data 
Self-starter with excellent communication and organizational skills 
Ability to get hands-on in a complex operational environment 
Must be process orientated and a logical thinker with good attention to detail 
Working knowledge with reporting tools such as Tableau, MicroStrategy or Looker 
Working knowledge in Python, R, Spark, Hive 
Experience in ETL / ELT is a plus 
Experience working with dimensional data, data lakes is a plus 
Experience working with MPP databases like Redshift is a plus",Mid-Senior level,Full-time,"Information Technology, Analyst, and Product Management","Information Technology and Services, Computer Software, and Financial Services"
Employ me Egypt,Data Engineer,"Responsibilities:
Build and maintain ETLs in cloud environment (Azure and/or Google Cloud)
Write Spark jobs for data transformation on structured and semi-structured datasets  
Contribute to the design and implementation of the application databases and storage hierarchy
Design and Implement a real-time data streaming architecture
Write code for monitoring pipelines and data quality, as well as serving data to different consumers
Maintain the data infrastructure in a healthy and highly available state

Basic qualifications:
2+ years of professional experience as a Data Engineer using Python/Scala as well as Spark and SQL
Experience with Computer Science fundamentals including data structures, algorithms, complexity analysis.
Strong understanding of databases concepts such as Relational, NoSQL, Graph Databases, etc...
Strong understanding of best practices in Data Warehousing and Data Modelling concepts
Experience building high load, scalable and robust systems
Ability to go above your functional responsibilities and help to solve problems across departments and business verticals.

Preferred qualifications:
Master's Degree in Computer Science or other related technical fields
Previous Experience in building complex ETLs and Data Transformation pipelines
Understanding of Cloud Native environment, its details, and ability to work in any of the 3 cloud providers
Highly Preferred experience with real-time data streaming
Preferred some experience with visualization tools such as PowerBI or Tableau",,Full-time,,
Elsewedy Electric,Operations Data Analyst,"Location:
10th of Ramadan
Job Purpose
To translate numbers from raw data collection into common language for use by others in the company, up to and including top management of corporation. These raw numbers come from the operation shop floor readings.
Key Accountabilities
Understanding business inquiries for different complexity analytics levels and develop innovative analytic solutions, aligning both data science and business clients on approach.
Performing data preparation and data wrangling activities to support team analytics.
Developing and performing value measurement and tests to refine approaches and influence direction of analytic product development.
Monitoring and recording the readings from the shop floor, compare with standard figures and highlight the opportunities to other concerned departments
Delivering key findings to members of the business though presentations and direct engagement that result in actions and improved decision making.
Qualification & Skills:
A Bachelor's degree in mathematics, accounting, Engineering, statistics, or a related field is generally required.
from 0 to 2 years of Experience
Strong proficiency with Microsoft Office suite especially Excel
Strong analytical and detail-oriented aptitude; a high degree of accuracy is required
Excellent communication and organizational skills
Ability to manage time effectively, set priorities and meet deadlines
Ability to learn and adapt to change
Desire/ability to work successfully in a small company environment",Associate,Full-time,Sales and Business Development,Electrical/Electronic Manufacturing
Envision Employment Solutions,Data Scientist,"Envision Employment Solutions is currently on the look for Data Scientists for one of our partners, a well-known tech company.

Responsiblities
You will be responsible for building, deploying, and monitoring predictive and machine learning models that leverage the company's data to improve our customers and captains experience and solve the company's core AI business problems.
You will collaborate with business and technical stakeholders through the end-to-end data science process, starting from understanding business problems, different data sources, and setting KPIs, to collecting, cleaning, and analyzing data till model deployment.
You will collaborate with Engineers to transform POC to production level while ensuring models scalability, observability, robustness, and accuracy.
You are expected to be up to date with state of the art machine learning methods and techniques.

Requirements
Bachelor or Master's degree in CS, CE, ML or 2+ years of industrial experience in machine learning.
Experience applying methods from supervised and unsupervised machine learning to real-world problems.
Solid understanding of industrial mathematics and statistics.
Solid understanding of best practices in feature extraction, dimensionality reduction, model validation, and classification.
Hands on experience with SQL, Docker, Git, AWS EC2, S3, and Some ML/DL frameworks such as Tensorflow, Keras, Pytorch, XGBoost, Scikit-learn, Statsmodels, PyMC3.
Proven track record of successful production machine learning models.
Experience with machine learning lifecycle platforms (i.e. mlflow) is a plus.
Knowledge of distributed storage and processing of big data is a plus (Hadoop, Spark, etc.).
Experience in AI system design is a plus.
Experience in Reinforcement learning is a plus.
Envision Employment Solutions is proud to be an equal opportunity workplace dedicated to pursuing and hiring a diverse workforce. Come join us!",Entry level,Full-time,Engineering and Information Technology,"Information Technology and Services, Computer Software, and Internet"
Envision Employment Solutions,Data Scientist,"Envision Employment Solutions is currently on the look for a Data Scientist for one of our partners, a CyberSecurity start-up company.

Responsibilities
Formulating, suggesting, and managing data-driven projects which are geared at furthering the business's interests.
Collating and cleaning data from various entities for later use by Junior Data Scientists.
Selecting and employing advanced statistical procedures to obtain actionable insights.
Cross-validating models to ensure their generalizability.
Producing and disseminating non-technical reports that detail the successes and limitations of each project.
Suggesting ways in which insights obtained might be used to inform business strategies.

Requirements
BSc or Advanced degree in Data Science, Statistics, Computer Science, or similar.
Extensive experience as a Data Scientist.
Proficiency in Python, cython, fastapi, scipy, Scikit-learn, Seaborn, pyspark,
In-depth understanding of SQL and databases(SQL,NoSQL)
Competent in machine learning principles and techniques.
Ability to relay insights in layman's terms, such that these can be used to inform business decisions.
Outstanding supervision and mentorship abilities.

Benefits
Competitive monthly net salary
Family Medical Insurance
Social Insurance
Life Insurance
Profit Share
Quarterly Bonuses
Flexible Working Hours.
Envision Employment Solutions is proud to be an equal opportunity workplace dedicated to pursuing and hiring a diverse workforce. Come join us!",Entry level,Full-time,Engineering and Information Technology,"Information Technology and Services, Computer Software, and Internet"
EMPG,Data Engineer,"Description

We are looking for a Data Engineer to join the Big Data Engineering function at OLX Egypt & Lebanon.

You will be participating in exciting projects covering the end-to-end data lifecycle – from raw data integrations with primary and third-party systems, through advanced data modelling, to state-of-the-art data visualisation and development of innovative data products.

You will have the opportunity to learn how to build and work with both batch and real-time data processing pipelines. You will work in a modern cloud-based data warehousing environment alongside a team of diverse, intense and interesting co-workers. You will liaise with other departments – such as product & tech, the core business verticals, trust & safety, finance and others – to enable them to be successful.

Your responsibilities
Design, implement and support data warehousing;
Raw data integrations with primary and third-party systems
Data warehouse modelling for operational & application data layers
Development in Amazon Redshift cluster
SQL development as part of agile team workflow
ETL design and implementation in Matillion ETL
Real-time data pipelines and applications using serverless and managed AWS services such as Lambda, Kinesis, API Gateway, etc.
Design and implementation of data products enabling data-driven features or business solutions
Building data dashboards and advanced visualisations in Sisense for data cloud teams (formerly Periscope Data) with a focus on UX, simplicity and usability
Working with other departments on data products – i.e. product & technology, marketing & growth, finance, core business, advertising and others
Being part and contributing towards a strong team culture and ambition to be on the cutting edge of big data
Evaluate and improve data quality by implementing test cases, alerts and data quality safeguards
Living the team values: Simpler. Better. Faster.
Strong desire to learn

Requirements

Required minimum experience (must)
3+years Experience in data processing, analysis and problem solving with large amounts of data;
Good SQL skills across a variety of relational data warehousing technologies especially in cloud data warehousing (e.g. Amazon Redshift, Google BigQuery, Snowflake, Vertica, etc.)
1+ years of experience with one or more programming languages, especially Python
Ability to communicate insights and findings to a non-technical audience
Written and verbal proficiency in English
Entrepreneurial spirit and ability to think creatively; highly-driven and self-motivated; strong curiosity and strive for continuous learning
Top of class University technical degree such as computer science, engineering, math, physics

Additional Experience (strong Plus)
1+ years of experience working with customer-centric data at big data-scale, preferably in an online / e-commerce context
Experience with modern big data ETL tools (e.g. Matillion)
Experience with AWS data ecosystem (or other cloud providers)
Track record in business intelligence solutions, building and scaling data warehouses and data modelling
Tagging, Tracking and reporting with Google Analytics 360
Knowledge of modern real-time data pipelines (e.g. serverless framework, lambda, kinesis, etc.)
Experience with modern data visualisation platforms such as Periscope, Looker, Tableau, Google Data Studio, etc.
Linux, bash scripting, Javascript, HTML, XML
Docker Containers and Kubernetes",Entry level,Full-time,Information Technology,Information Technology and Services
Levelset,Associate Data Researcher,"About Levelset

Levelset has been named one of the ""Best Places to Work"" by New Orleans CityBusiness three years in a row for our mission-driven culture and commitment to internal and external growth. Backed by venture funding, we are growing rapidly and looking for new exciting team members to add their unique talents to our mission. We empower contractors to always get what they earn, and our software platform makes lien rights, payment paperwork, and compliance in the construction industry simple and stress-free, so contractors and suppliers can get paid faster, have easier access to capital, and less surprises.

Levelset is venture-backed by Horizons Ventures, S3 Ventures, Altos Ventures, and Brick & Mortar Ventures. Levelset is headquartered in New Orleans, Louisiana, with offices in Austin, Texas; Cairo, Egypt; and Hyderabad, India and is 200+ employees strong.

Job Description

Levelset manages millions of construction records across the United States. These include entities in the construction industry, ongoing construction jobs, and payment issues on construction projects. This data is coming from a variety of sources, including publicly available information, user input data, and proprietary Levelset data. This data is our most critical asset, and powers our business applications, insights, and so much more!

The Data Research Team is tasked with ensuring Data Management principles are applied to this vast collection of data. We work to grow our data reach and density, manage the existing database and incorporate additional records, and ensure the quality of the data is the gold standard in the construction industry.

This entry-level position is part of the team that focuses on the management, standardization, appending, and verification of our records. The work will focus mainly on jobs and entities in the construction industry, transcribing external records into structured fields, validating entity information (websites, logos, key personnel, etc), as well as combining like records and entities. Using our internal software and tools, you will not only help manage the validity of our data, but also publish content pages based on the data management work.

Responsibilities
Data Extraction:
We will be extracting data from thousands of documents to gather company information, construction job details, and more. This data will be entered into our database using our proprietary software platform.
Review and Verify Existing Data:
We will need some of our existing data points to be verified, either through general web searching, external databases, or proactive outreach. You will also work in concert with our data quality team to assist in their processes from time to time. This will include the use of our proprietary software to manage, dedupe, and append content and data to our records.
Online Research:
Put on your detective hat. You will be tasked with searching through various online sources and databases to find and validate firmographic information. This may include company website links, license information, key personnel and contact information, etc.
General Data Management:
As content is defined and data is properly sourced, you will be part of the team responsible for maintaining its storage, flow to the proper internal stakeholders, and that it is meeting Levelset’s quality standards. This will include updating firmographic information in our database through data entry, and publishing data records according to internal guidelines.
Help Scale the Data Pipeline:
We are going to constantly be adding in new data points to append to existing records. As we grow this data depth, we will need to continue to optimize and innovate. As an important part of this process, we will look to you for your input, thoughts, and suggestions on improving efficiencies in finding, collecting, and implementing these new sources. You will also work in concert with our Data Quality Team to provide feedback on how and where their work can help improve our data management.
Skills + Traits to be Successful in this Position:
Understanding of the Construction Industry: You should have a basic working knowledge of the different types of companies in the construction industry and how they relate to each other (General contractors, subcontractors, suppliers, etc.)
Critical Thinking: A high level of problem solving ability as we identify content targets and look for the best ways to obtain them
Self-starter: While you would be joining a team of others working on similar tasks, you will be responsible for ensuring you are hitting daily targets.
Adaptability: We move fast at Levelset. There are going to be short term projects and work that spring up from time to time. Being able to adapt and manage your time wisely will be key.
Curiosity: There are insights we don’t yet know that will help our users. Always question how to make things better and how a new insight might help someone within the industry we serve",Entry level,Full-time,Information Technology,"Computer Software, Internet, and Financial Services"
Dell Technologies,5G Data Scientist,"From applied research to advanced engineering, Dell’s 5G R&D team is designing and developing ground-breaking products & solutions. You will be involved in assessing the market, developing technology and products and generating intellectual property. Your contributions will drive product architecture and implementation in support of building something from the ground up, all while working with colleagues across the globe to ensure Dell products always lead the way.

We are looking for an5G Data Scientistwith knack for researching new technologies to work on 5G RAN Radio Resource Management Optimizations using Machine learning & Deep learning. Candidates should display abilities to innovate and be creative.

What You’ll Achieve

As a Data Scientist, you will work with a cross functional global team to research, design, build and deliver production ready xApps to be used for Radio Resource Management Optimizations.

You Will
Develop high quality, reliable and maintainable code
Perform all the phases of a data science project: business understanding, data understanding and preparation, exploratory analysis, modeling, model evaluation, communicating results and business value of a model to the product leadership and finally deploying your data product.
Engage with the ORAN workgroups & open-source community with a special focus on RIC and xApp implementations
Identify new use cases and patterns to develop train models that can operate under different scenarios, near real-time to standard mode
Take the first step towards your dream career

Essential Requirements

Every Dell Technologies team member brings something unique to the table. Here’s what we are looking for with this role:
Two years’ hands on experience with AI and machine learning algorithms such as reinforcement learning, GAN, deep neural networks, supervised and unsupervised learning techniques used for clustering, classification, regression
Fluency with at least one scripting language such as Python.
Strong applied mathematical and statistical skills regardless of the tools.
Understanding of data structures, data modeling and software architecture
Strong problem-solving, critical thinking, time-management, communication, and organizational skills

Desirable Requirements
Networking knowledge
Knowledge of the 3GPP LTE-Advanced and 5GNR technologies and the 3GPP specification that defines them is a plus
Contributions to large open source projects

MPBU

Job Id: R088647Job Function: Engineering Development",Not Applicable,Full-time,Information Technology and Engineering,"Computer Hardware, Computer Software, and Information Technology and Services"
Dell Technologies,Insights Data Engineer,"Data Engineer

The Office of the CTO at Dell Technologies is responsible for predicting future technology trends and recommending investment strategies based on those trends. The Data Office team uses leading technologies in order to use data to predict future technology trends.

You will be involved in assessing the competition, developing technology and products, and generating intellectual property. As a Data Engineer inCairo, Egypt, you will join a global team of data scientists, developers, researchers, and technologists in researching and applying the latest ML and DL technologies, leveraging the Data power in adding innovation value to business strategic decisions.

What You’ll Achieve

As a Data Engineer, you will work with a cross-functional global team and will be responsible for expanding and optimizing our data and data pipeline architecture, as well as optimizing data flow and collection for cross-functional teams.

You Will
Create and maintain optimal data pipeline architecture
Identify, design, and implement internal process improvements: automating manual processes, optimizing data delivery, re-designing infrastructure for greater scalability, etc.
Build the infrastructure required for optimal extraction, transformation, and loading of data from a wide variety of data sources using SQL and Cloud ‘big data’ technologies.
Work with stakeholders including the Executive, Product, Data, and Design teams to assist with data-related technical issues and support their data infrastructure needs.
Work with data and analytics experts to strive for greater functionality in our data systems.
Build processes supporting data transformation, data structures, metadata, dependency, and workload management.

Take the first step towards your dream career

Essential Requirements

Every Dell Technologies team member brings something unique to the table. Here’s what we are looking for with this role:
Experience with building and optimizing ‘big data’ data pipelines and architectures, as well as big data tools: Hadoop, Spark, Kafka, etc.
Proficiency in relational SQL and NoSQL databases, including Postgres and Cassandra.
Experience with data pipeline and workflow management tools: Azkaban, Luigi, Airflow, etc.
Proficient in object-oriented/object function scripting languages: Python, Java, C++, Scala, etc.
Strong analytic skills related to working with unstructured datasets.
Familiarity with graph analytics and graph databases/technology as well as basic ML knowledge and ability to interact with Data Science team

Desirable Requirements
Experience with cloud services: EC2, EMR, RDS, Redshift
Experience with stream-processing systems: Storm, Spark-Streaming, etc.

Here’s our story; now tell us yours

Dell Technologies helps organizations and individuals build a brighter digital tomorrow. Our company is made up of more than 150,000 people, located in over 180 locations around the world. We’re proud to be a diverse and inclusive team and have an endless passion for our mission to drive human progress.

What’s most important to us is that you are respected, feel like you can be yourself and have the opportunity to do the best work of your life -- while still having a life. We offer excellent benefits, bonus programs, flexible work arrangements, a variety of career development opportunities, employee resource groups, and much more.

We started with computers, but we didn’t stop there. We are helping customers move into the future with multi-cloud, AI and machine learning through the most innovative technology and services portfolio for the data era. Join us and become a part of what’s next in technology, starting today.

You can also learn more about us by reading our latest Diversity and Inclusion Report and our plan to make the world a better place by 2030 here.

Application closing date: DD Month YYYY

Dell is committed to the principle of equal employment opportunity for all employees and to providing employees with a work environment free of discrimination and harassment. All employment decisions at Dell are based on business needs, job requirements and individual qualifications, without regard to race, color, religion or belief, national, social or ethnic origin, sex (including pregnancy), age, physical, mental or sensory disability, HIV Status, sexual orientation, gender identity and/or expression, marital, civil union or domestic partnership status, past or present military service, family medical history or genetic information, family or parental status, or any other status protected by the laws or regulations in the locations where we operate. Dell will not tolerate discrimination or harassment based on any of these characteristics. Dell encourages applicants of all ages. Read the full Equal Employment Opportunity Policy here.

Job Id: R103065",Not Applicable,Full-time,Information Technology,"Computer Hardware, Computer Software, and Information Technology and Services"
Paymob,Data Engineer,"Job Description:



• Communicate the data needs of data scientists and other teams and come up with efficient, GDPR compliant ETL processe
s.
• Support other teams by providing guidance on data usage, processing and how they can best leverage the platf
orm
• Build scalable data pipelines to ingest data from a variety of data sources (Relational DBs and Data Lakes), identify critical data elements and define data quality ru
les.
• Leverage Spark and Kafka knowledge to design and develop capabilities to improve change data capture and real-time capabilities of the pipe
line.
• Provide insights on areas of improvements including data governance, best practices, large scale proc
essing
• Support the bug fixing and performance analysis and data validation and quality along the data pi

peline.

Req
uirement:
• 3+ years of experience as software engineer, with strong skills in at least one programming language is mandatory, preferably Scala or Java
or Python
• 1+ year of experience with Spark on Hado
op, EMR etc
• Experience working with real time data processing using Kafka, Spark Streaming or simila
r technology
• Experience with distributed systems and design/implementation for reliability, availability, scalability an
d performance
• Proven experience with AWS technologies like S3, EMR, Clou
d information.
• Creative and innovative approach to
problem-solving
• Experience with Kubernet
es is a big plus",,Full-time,,
Microsoft,Senior Applied Researcher,"Microsoft Clarity aspires to be the leading behavioral analytics tool for the web. We offer a rich intuitive design, deep user insights, as well as seamless and smart ways site owners can delight their visitors. We pride ourselves on our team culture, can-do attitude and startup like environment. We also work at various levels of the stack, building a world class service with focus on resilience and reliability.

We are looking for a Senior Data Scientist to help us deliver the next generation data-driven features across a slew of specialized domains. Such features are key for our customers to make informed and accurate decisions, to take their experience and business to the next level. Successful candidates should have a strong background in state-of-the-art machine learning techniques. They should also have an established track record delivering practical machine learning based solutions, with consistent and lasting product value. The candidate is required to lead teams and direct the work of others in this domain, as well as facilitate cross team / cross site collaboration.

Responsibilities
Understand product value / direction and propose data-driven enhancements / features to the system
Collaborate with stakeholders to design and deliver business value through machine learning driven features
Collaborate with peers to influence product direction across multiple teams
Attract, groom and grow junior data-science / machine-learning based talent
Champion machine learning excellence in the wider organization

Qualifications
Master’s degree or PhD with a data science focus
10+ years of industry experience
Strong machine learning foundation
Practical knowledge in state-of-the-art machine learning techniques
Demonstrable track record delivering robust data driven product features
Demonstrable track record leading teams to deliver success
Strong hands-on foundation (go-doer can roll-up their sleeves, get dirty and lead by example)

Microsoft is an equal opportunity employer. All qualified applicants will receive consideration for employment without regard to age, ancestry, color, family or medical care leave, gender identity or expression, genetic information, marital status, medical condition, national origin, physical or mental disability, political affiliation, protected veteran status, race, religion, sex (including pregnancy), sexual orientation, or any other characteristic protected by applicable laws, regulations and ordinances. We also consider qualified applicants regardless of criminal histories, consistent with legal requirements.

Benefits/perks listed below may vary depending on the nature of your employment with Microsoft and the country where you work.",Not Applicable,Full-time,"Research, Analyst, and Information Technology","Computer Hardware, Computer Software, and Information Technology and Services"
Gemography,Data Engineer (Remote),"About Gemography
Join Gemography and work with top tech startups and engineering teams from New York, LA, San Francisco and Paris on large-scale applications and systems. It's long term, remote and comes with indefinite period employment contract.

You will work on
Take ownership and responsibility of data produced by the data pipelines.
Maintain and update ETL data pipelines as well as create new ones.
Document, identify and automate common data and pipeline operations.
Participate in standups/meetings and operate in a team environment with agile methodologies.
Monitor the status of data pipelines and act correspondingly.
Ensure data produced has the right format/quality and that associated metadata is properly documented.

What we are looking for
Experience with data engineering, preferably in Python.
You’re a fast learner, can contribute from day one as well as integrate and apply new concepts quickly.
You take pride in what you create and passionate about getting the details right, even when no one's looking.
You are able to weigh tradeoffs, articulate complex ideas, and have precision about what you know and don't know.
You enjoy staying on top of tech trends and hacking new things.
Proficiency in written and spoken English.

Bonus points if you have
Hands-on experience in SQL tuning, schema design or analytical programming.
Familiar with Docker, Kubernetes, Airflow or similar technologies.
A graduate degree in Computer Science or similar discipline.

Benefits & Perks
Competitive salaries and performance bonuses.
Your own Spotify Premium and Netflix accounts.
24-days paid time-off (+ public holidays).
Health insurance & pension;

Important
Resume/cover letter are optional.
The job role is fully remote (anywhere in Egypt).
It's long term and comes with an indefinite period employment contract.",,Full-time,,
Envision Employment Solutions,Machine Learning Engineer,"Envision Employment Solutions is currently hiring Machine Learning Engineers for one of the partners in Egypt.

Job Summary

We are looking for a Machine Learning (ML) Engineer to help us create artificial intelligence products. Machine Learning Engineer responsibilities include creating machine learning models and retraining systems. To do this job successfully, you need exceptional skills in statistics and programming. If you also have knowledge of data science and software engineering, we’d like to meet you. Your ultimate goal will be to shape and build efficient self-learning applications.

Responsibilities
Study and transform data science prototypes
Design machine learning systems
Research and implement appropriate ML algorithms and tools
Develop machine learning applications according to requirements
Select appropriate datasets and data representation methods
Run machine learning tests and experiments
Perform statistical analysis and fine-tuning using test results
Train and retrain systems when necessary
Extend existing ML libraries and frameworks
Keep abreast of developments in the field

Requirements
BSc in Computer Science, Mathematics or similar field; Master’s degree is a plus
Proven experience as a Machine Learning Engineer or similar role
Understanding of data structures, data modeling and software architecture
Deep knowledge of math, probability, statistics and algorithms
Ability to write robust code in Python, Java and R
Familiarity with machine learning frameworks (like Keras or PyTorch) and libraries (like scikit-learn)
Excellent communication skills
Ability to work in a team
Outstanding analytical and problem-solving skills
Envision Employment Solutions is proud to be an equal opportunity workplace dedicated to pursuing and hiring a diverse workforce. Come join us!",Entry level,Full-time,Engineering and Information Technology,"Information Technology and Services, Computer Software, and Internet"
Envision Employment Solutions,AI Researcher,"Envision Employment Solutions is currently on the look for AI Researchers for one of our partners.

Job Summary

AI researchers explore new and technologies and global solutions for solving problems in different domains using different technologies and document the research results in the requested format. Ai researchers help the AI team members across the board in different projects implementation aspects, capacity building initiatives and International activities.

Responsibilities
Perform research on artificial intelligence technologies and how they can meet the needs of different sectors such as healthcare, agriculture, manufacturing, decision-making support, among others.
Correspond with potential business partners for the advancement of projects.
Prepare studies and reports with all the necessary data/visualizations.
Work across the board with other members of the team and provide assistance if need be

Requirements
Solid understanding of AI and its most common techniques (technical background preferred)
Research skills: ability to scrape the web and provide a comprehensive, detailed, and accurate report on a subject
Reading in large volumes, including scientific papers, and summarize them in condensed format
Proficiency in Excel, Word, PowerPoint
Team player and willingness to learn on the job
Envision Employment Solutions is proud to be an equal opportunity workplace dedicated to pursuing and hiring a diverse workforce. Come join us!",Associate,Full-time,Engineering and Information Technology,"Information Technology and Services, Computer Software, and Internet"
Careem,Senior Data Scientist,"At Careem, our mission is to simplify and improve the lives of people and create an awesome organisation that inspires. With this vast mission statement, we started by improving the mobility of people, the mobility of goods, then the mobility of money. We are transforming into a super-app hosting multiple Careem and 3rd-party apps to simplify life and amplify living.

We built the first multi-billion dollar tech startup in the MENAP region. We operate in 100+ cities across 11 countries. We joined Uber officially in early 2020. We grew and attracted top global talent and grew a culture that is known for bold ambitions, shooting for the moon, innovating with tight constraints, and being Careem/gracious.

The Careem Data Science and AI team’s mission is to drive competitive value from data at scale through building AI models to optimize user experiences, decision making, operational efficiencies, and lead the region’s AI ecosystem.

As a Senior Data Scientist, you have built a strong track record of delivering business impact in several applications. You are happy to implement a simple heuristic or a sophisticated deep learning or reinforcement learning model if it meets the business needs and the time constraints. You find satisfaction collaborating with partners and shipping changes that deliver measurable business impact. You are a constant learner, tinkerer, and you enjoy experimenting with the latest technologies to further drive impact and keep raising the bar.

Responsibilities
Deliver on Applied AI topics in Marketplace: multi-objective cost function for supply-demand matching, multi-modal transport matching, ETA optimizations, routing, pricing, peak pricing for supply and demand shaping, supply and demand forecasting, pooling for mobility of people, batching for mobility of things.
Implement scalable machine learning and optimization algorithms that will be used in production on big data.
Embark on exploratory data analysis projects to achieve better understanding of phenomena as well as to discover untapped areas of growth and optimization.
Answer complex analytic questions from big data sets to help Careem shape its products and services in a better way.
Estimate impact and effort of data science projects
Mentor junior data scientists and act as a tech lead for a business area
Help define and track the appropriate key metrics for specific projects.
Design and run randomized controlled experiments, analyze the resulting data and communicate results with other teams.
You will always challenge the status quo and continually investigate new data processing technologies and seek to ensure that we follow the industry best practices.
Qualifications
5+ years experience in data mining, predictive modeling, time series analysis, machine learning, big data methodologies, transformation and cleaning of both structured and unstructured data.
Experience in applied Deep Learning and Reinforcement Learning
Degree in a quantitative discipline such as Physics, Statistics, Mathematics, Engineering or Computer Science
Strong problem solving and coding skills
Excellent oral and written communication skills.
Proficiency and demonstrated experience in at least 2 of the following: Python, R, SQL, Spark, Hive.
Familiarity with machine learning frameworks (like Keras or PyTorch) and libraries (like scikit-learn)
Preferred
Masters/PhD degree
Tech Lead experience
Experience mentoring other data scientists",Associate,Full-time,Engineering and Information Technology,Internet and Information Technology and Services
